{"ts":1694087340133,"data":{"Position_v.qq.com":"o{\"left\": 0,\"top\": 120}","bilibili_video_record":"sBV1kW41147WuBV1Pb4y117DdBV144411p7QeBV1cw411U7YtBV13m4y1T7RyBV1uT411B73BBV1Gh4y1777ABV1ng4y1P7pTBV1P8411d7PyBV12A4y1Q7EpBV1hX4y177i1BV1DX4y177BeBV1Jz4y1u7LzBV1tw411U7vp","copyright_video_remind":"strue","custom_quickly_interface_key_dddsdxxa":"n0","navigation_data_cache":"o[{\"name\": \"资源搜索\",\"list\": [{\"name\": \"财经搜索\",\"url\": \"https://www.shaduizi.com/s/search?q=@@&currentPage=1\"},{\"name\": \"百度百科\",\"url\": \"https://baike.baidu.com/item/@@\"},{\"name\": \"知乎搜索\",\"url\": \"https://www.zhihu.com/search?type=content&q=@@\"},{\"name\": \"B站搜索\",\"url\": \"https://search.bilibili.com/all?keyword=@@&from_source=webtop_search&spm_id_from=333.851\"},{\"name\": \"抖音搜索\",\"url\": \"https://www.douyin.com/search/@@?aid=0a9fc74b-01e8-4fb0-9509-307c5c07fda1&publish_time=0&sort_type=0&source=normal_search&type=general\"},{\"name\": \"搜狗|公众号\",\"url\": \"https://weixin.sogou.com/weixin?type=2&query=@@\"},{\"name\": \"搜狗|知乎\",\"url\": \"https://www.sogou.com/sogou?pid=sogou-wsse-ff111e4a5406ed40&insite=zhihu.com&ie=utf8&p=73351201&query=@@&ie=utf8&p=73351201&query=@@\"},{\"name\": \"豆瓣搜索\",\"url\": \"https://www.douban.com/search?q=@@\"},{\"name\": \"电影搜索\",\"url\": \"https://www.cupfox.com/search?key=@@\"},{\"name\": \"维基百科\",\"url\": \"https://en.wikipedia.org/w/index.php?search=@@\"},{\"name\": \"法律法规\",\"url\": \"https://www.pkulaw.com/law/chl?Keywords=@@\"},{\"name\": \"icon搜索\",\"url\": \"https://www.iconfont.cn/search/index?searchType=icon&q=@@\"},{\"name\": \"github\",\"url\": \"https://github.com/search?q=@@\"},{\"name\": \"csdn\",\"url\": \"https://so.csdn.net/so/search?q=@@&t=&u=\"},{\"name\": \"stackoverflow\",\"url\": \"https://stackoverflow.com/\"}]},{\"name\": \"搜索引擎\",\"list\": [{\"name\": \"百度\",\"url\": \"https://www.baidu.com/s?wd=@@\"},{\"name\": \"必应\",\"url\": \"https://cn.bing.com/search?q=@@\"},{\"name\": \"Google\",\"url\": \"https://www.google.com/search?q=@@\"},{\"name\": \"360搜索\",\"url\": \"https://www.so.com/s?ie=utf-8&fr=none&src=360sou_newhome&nlpv=basest&q=@@\"},{\"name\": \"搜狗\",\"url\": \"https://www.sogou.com/web?query=@@\"},{\"name\": \"头条搜索\",\"url\": \"https://so.toutiao.com/search?dvpf=pc&source=input&keyword=@@\"}]},{\"name\": \"云服务厂商\",\"list\": [{\"name\": \"腾讯云\",\"url\": \"https://cloud.tencent.com/act/pro/cps_3?fromSource=gwzcw.6688284.6688284.6688284&utm_medium=cps&utm_id=gwzcw.6688284.6688284.6688284&cps_key=75ae4f3c1e4e051990d375abcf1bc4d5\"},{\"name\": \"阿里云\",\"url\": \"https://www.aliyun.com/activity?source=5176.11533457&userCode=hcf6ol03\"},{\"name\": \"百度云\",\"url\": \"https://cloud.baidu.com/\"},{\"name\": \"华为云\",\"url\": \"https://www.huaweicloud.com/product/\"},{\"name\": \"京东云\",\"url\": \"https://www.jdcloud.com/\"},{\"name\": \"Ucloud\",\"url\": \"https://www.ucloud.cn/\"},{\"name\": \"搬瓦工\",\"url\": \"https://bandwagonhost.com/aff.php?aff=66028\"},{\"name\": \"Vultr\",\"url\": \"https://www.vultr.com/?ref=6866617\"}]}]"}}