{"options":{"check_for_updates":true,"comment":null,"compat_foreach":false,"compat_metadata":false,"compat_powerful_this":null,"compat_prototypes":false,"compat_wrappedjsobject":false,"compatopts_for_requires":true,"noframes":null,"override":{"merge_connects":true,"merge_excludes":true,"merge_includes":true,"merge_matches":true,"orig_connects":["api.bilibili.com"],"orig_excludes":[],"orig_includes":[],"orig_matches":["*://*.youku.com/*","*://*.iqiyi.com/*","*://*.iq.com/*","*://*.le.com/*","*://v.qq.com/*","*://m.v.qq.com/*","*://*.tudou.com/*","*://*.mgtv.com/*","*://tv.sohu.com/*","*://film.sohu.com/*","*://*.1905.com/*","*://*.bilibili.com/*","*://*.pptv.com/*"],"orig_noframes":null,"orig_run_at":"document-idle","use_blockers":[],"use_connects":[],"use_excludes":[],"use_includes":[],"use_matches":[]},"run_at":null,"tab_types":null,"unwrap":null},"settings":{"enabled":true,"position":2},"meta":{"name":"全网VIP视频免费破解【专注一个脚本只做一件事件】","uuid":"3361d996-10ba-4b97-957d-4b3e6b7793f6","modified":1694087290334,"file_url":"https://greasyfork.org/scripts/438657-%E5%85%A8%E7%BD%91vip%E8%A7%86%E9%A2%91%E5%85%8D%E8%B4%B9%E7%A0%B4%E8%A7%A3-%E4%B8%93%E6%B3%A8%E4%B8%80%E4%B8%AA%E8%84%9A%E6%9C%AC%E5%8F%AA%E5%81%9A%E4%B8%80%E4%BB%B6%E4%BA%8B%E4%BB%B6-%E9%95%BF%E6%9C%9F%E6%9B%B4%E6%96%B0-%E6%94%BE%E5%BF%83%E4%BD%BF%E7%94%A8/code/%E5%85%A8%E7%BD%91VIP%E8%A7%86%E9%A2%91%E5%85%8D%E8%B4%B9%E7%A0%B4%E8%A7%A3%E3%80%90%E4%B8%93%E6%B3%A8%E4%B8%80%E4%B8%AA%E8%84%9A%E6%9C%AC%E5%8F%AA%E5%81%9A%E4%B8%80%E4%BB%B6%E4%BA%8B%E4%BB%B6%E3%80%91%E9%95%BF%E6%9C%9F%E6%9B%B4%E6%96%B0%EF%BC%8C%E6%94%BE%E5%BF%83%E4%BD%BF%E7%94%A8.user.js"}}